Primo 1,Primo 2,Producto,Tiempo (segundos)
11,3,33,5.132205486297607
23,19,437,18.87156915664673
3,19,57,5.491591691970825
