N,Tiempo (segundos),Primo1,Primo2,Algoritmo
43621,0.009391307830810547,241,181,Fuerza Bruta
1653787,0.7480330467224121,1289,1283,Fuerza Bruta
5787611,1.5228445529937744,2441,2371,Fuerza Bruta
12453697,2.34006929397583,3541,3517,Fuerza Bruta
21455303,3.3050074577331543,4643,4621,Fuerza Bruta
31911137,4.044368743896484,5657,5641,Fuerza Bruta
46036189,5.292070627212524,6791,6779,Fuerza Bruta
63122701,6.523658514022827,7963,7927,Fuerza Bruta
82183331,8.609232664108276,9161,8971,Fuerza Bruta
